USE [master]
GO
/****** Object:  Database [CATALOGO_DB]    Script Date: 3/1/2023 01:59:54 ******/
CREATE DATABASE [CATALOGO_DB]
 CONTAINMENT = NONE
 ON  PRIMARY 
( NAME = N'CATALOGO_DB', FILENAME = N'C:\Program Files\Microsoft SQL Server\MSSQL15.SQLEXPRESS\MSSQL\DATA\CATALOGO_DB.mdf' , SIZE = 8192KB , MAXSIZE = UNLIMITED, FILEGROWTH = 65536KB )
 LOG ON 
( NAME = N'CATALOGO_DB_log', FILENAME = N'C:\Program Files\Microsoft SQL Server\MSSQL15.SQLEXPRESS\MSSQL\DATA\CATALOGO_DB_log.ldf' , SIZE = 8192KB , MAXSIZE = 2048GB , FILEGROWTH = 65536KB )
 WITH CATALOG_COLLATION = DATABASE_DEFAULT
GO
ALTER DATABASE [CATALOGO_DB] SET COMPATIBILITY_LEVEL = 150
GO
IF (1 = FULLTEXTSERVICEPROPERTY('IsFullTextInstalled'))
begin
EXEC [CATALOGO_DB].[dbo].[sp_fulltext_database] @action = 'enable'
end
GO
ALTER DATABASE [CATALOGO_DB] SET ANSI_NULL_DEFAULT OFF 
GO
ALTER DATABASE [CATALOGO_DB] SET ANSI_NULLS OFF 
GO
ALTER DATABASE [CATALOGO_DB] SET ANSI_PADDING OFF 
GO
ALTER DATABASE [CATALOGO_DB] SET ANSI_WARNINGS OFF 
GO
ALTER DATABASE [CATALOGO_DB] SET ARITHABORT OFF 
GO
ALTER DATABASE [CATALOGO_DB] SET AUTO_CLOSE ON 
GO
ALTER DATABASE [CATALOGO_DB] SET AUTO_SHRINK OFF 
GO
ALTER DATABASE [CATALOGO_DB] SET AUTO_UPDATE_STATISTICS ON 
GO
ALTER DATABASE [CATALOGO_DB] SET CURSOR_CLOSE_ON_COMMIT OFF 
GO
ALTER DATABASE [CATALOGO_DB] SET CURSOR_DEFAULT  GLOBAL 
GO
ALTER DATABASE [CATALOGO_DB] SET CONCAT_NULL_YIELDS_NULL OFF 
GO
ALTER DATABASE [CATALOGO_DB] SET NUMERIC_ROUNDABORT OFF 
GO
ALTER DATABASE [CATALOGO_DB] SET QUOTED_IDENTIFIER OFF 
GO
ALTER DATABASE [CATALOGO_DB] SET RECURSIVE_TRIGGERS OFF 
GO
ALTER DATABASE [CATALOGO_DB] SET  ENABLE_BROKER 
GO
ALTER DATABASE [CATALOGO_DB] SET AUTO_UPDATE_STATISTICS_ASYNC OFF 
GO
ALTER DATABASE [CATALOGO_DB] SET DATE_CORRELATION_OPTIMIZATION OFF 
GO
ALTER DATABASE [CATALOGO_DB] SET TRUSTWORTHY OFF 
GO
ALTER DATABASE [CATALOGO_DB] SET ALLOW_SNAPSHOT_ISOLATION OFF 
GO
ALTER DATABASE [CATALOGO_DB] SET PARAMETERIZATION SIMPLE 
GO
ALTER DATABASE [CATALOGO_DB] SET READ_COMMITTED_SNAPSHOT OFF 
GO
ALTER DATABASE [CATALOGO_DB] SET HONOR_BROKER_PRIORITY OFF 
GO
ALTER DATABASE [CATALOGO_DB] SET RECOVERY SIMPLE 
GO
ALTER DATABASE [CATALOGO_DB] SET  MULTI_USER 
GO
ALTER DATABASE [CATALOGO_DB] SET PAGE_VERIFY CHECKSUM  
GO
ALTER DATABASE [CATALOGO_DB] SET DB_CHAINING OFF 
GO
ALTER DATABASE [CATALOGO_DB] SET FILESTREAM( NON_TRANSACTED_ACCESS = OFF ) 
GO
ALTER DATABASE [CATALOGO_DB] SET TARGET_RECOVERY_TIME = 60 SECONDS 
GO
ALTER DATABASE [CATALOGO_DB] SET DELAYED_DURABILITY = DISABLED 
GO
ALTER DATABASE [CATALOGO_DB] SET ACCELERATED_DATABASE_RECOVERY = OFF  
GO
ALTER DATABASE [CATALOGO_DB] SET QUERY_STORE = OFF
GO
USE [CATALOGO_DB]
GO
/****** Object:  Table [dbo].[ARTICULOS]    Script Date: 3/1/2023 01:59:54 ******/
SET ANSI_NULLS ON
GO
SET QUOTED_IDENTIFIER ON
GO
CREATE TABLE [dbo].[ARTICULOS](
	[Id] [int] IDENTITY(1,1) NOT NULL,
	[Codigo] [varchar](50) NULL,
	[Nombre] [varchar](50) NULL,
	[Descripcion] [varchar](150) NULL,
	[IdMarca] [int] NULL,
	[IdCategoria] [int] NULL,
	[ImagenUrl] [varchar](1000) NULL,
	[Precio] [money] NULL,
 CONSTRAINT [PK_ARTICULOS] PRIMARY KEY CLUSTERED 
(
	[Id] ASC
)WITH (PAD_INDEX = OFF, STATISTICS_NORECOMPUTE = OFF, IGNORE_DUP_KEY = OFF, ALLOW_ROW_LOCKS = ON, ALLOW_PAGE_LOCKS = ON, OPTIMIZE_FOR_SEQUENTIAL_KEY = OFF) ON [PRIMARY]
) ON [PRIMARY]
GO
/****** Object:  Table [dbo].[CATEGORIAS]    Script Date: 3/1/2023 01:59:54 ******/
SET ANSI_NULLS ON
GO
SET QUOTED_IDENTIFIER ON
GO
CREATE TABLE [dbo].[CATEGORIAS](
	[Id] [int] IDENTITY(1,1) NOT NULL,
	[Descripcion] [varchar](50) NULL,
 CONSTRAINT [PK_CATEGORIAS] PRIMARY KEY CLUSTERED 
(
	[Id] ASC
)WITH (PAD_INDEX = OFF, STATISTICS_NORECOMPUTE = OFF, IGNORE_DUP_KEY = OFF, ALLOW_ROW_LOCKS = ON, ALLOW_PAGE_LOCKS = ON, OPTIMIZE_FOR_SEQUENTIAL_KEY = OFF) ON [PRIMARY]
) ON [PRIMARY]
GO
/****** Object:  Table [dbo].[MARCAS]    Script Date: 3/1/2023 01:59:54 ******/
SET ANSI_NULLS ON
GO
SET QUOTED_IDENTIFIER ON
GO
CREATE TABLE [dbo].[MARCAS](
	[Id] [int] IDENTITY(1,1) NOT NULL,
	[Descripcion] [varchar](50) NULL,
 CONSTRAINT [PK_MARCAS] PRIMARY KEY CLUSTERED 
(
	[Id] ASC
)WITH (PAD_INDEX = OFF, STATISTICS_NORECOMPUTE = OFF, IGNORE_DUP_KEY = OFF, ALLOW_ROW_LOCKS = ON, ALLOW_PAGE_LOCKS = ON, OPTIMIZE_FOR_SEQUENTIAL_KEY = OFF) ON [PRIMARY]
) ON [PRIMARY]
GO
SET IDENTITY_INSERT [dbo].[ARTICULOS] ON 
GO
INSERT [dbo].[ARTICULOS] ([Id], [Codigo], [Nombre], [Descripcion], [IdMarca], [IdCategoria], [ImagenUrl], [Precio]) VALUES (1, N'S01', N'Galaxy S10', N'Una canoa cara', 1, 1, N'https://images.samsung.com/is/image/samsung/assets/ar/p6_gro2/p6_initial_mktpd/smartphones/galaxy-s10/specs/galaxy-s10-plus_specs_design_colors_prism_black.jpg?$163_346_PNG$', 7000.0000)
GO
INSERT [dbo].[ARTICULOS] ([Id], [Codigo], [Nombre], [Descripcion], [IdMarca], [IdCategoria], [ImagenUrl], [Precio]) VALUES (2, N'M03', N'Moto G Play 7ma Gen', N'', 5, 1, N'https://www.motorola.cl/arquivos/moto-g7-play-img-product.png?v=636862863804700000', 1569900.0000)
GO
INSERT [dbo].[ARTICULOS] ([Id], [Codigo], [Nombre], [Descripcion], [IdMarca], [IdCategoria], [ImagenUrl], [Precio]) VALUES (3, N'S99', N'Play 4', N'Ya no se cuantas versiones hay ahora', 3, 3, N'sin_imagen_para_que_de_error....muejeje', 3500000.0000)
GO
INSERT [dbo].[ARTICULOS] ([Id], [Codigo], [Nombre], [Descripcion], [IdMarca], [IdCategoria], [ImagenUrl], [Precio]) VALUES (4, N'S56', N'Bravia 55', N'Alta tele', 3, 2, N'https://intercompras.com/product_thumb_keepratio_2.php?img=images/product/SONY_KDL-55W950A.jpg&w=650&h=450', 49500.0000)
GO
INSERT [dbo].[ARTICULOS] ([Id], [Codigo], [Nombre], [Descripcion], [IdMarca], [IdCategoria], [ImagenUrl], [Precio]) VALUES (5, N'A23', N'Apple TV', N'lindo loro', 2, 3, N'https://store.storeimages.cdn-apple.com/4668/as-images.apple.com/is/rfb-apple-tv-4k?wid=1144&hei=1144&fmt=jpeg&qlt=80&.v=1513897159574', 785000.0000)
GO
INSERT [dbo].[ARTICULOS] ([Id], [Codigo], [Nombre], [Descripcion], [IdMarca], [IdCategoria], [ImagenUrl], [Precio]) VALUES (49, N'', N'asd', N'', 1, 1, N'', 169.0000)
GO
SET IDENTITY_INSERT [dbo].[ARTICULOS] OFF
GO
SET IDENTITY_INSERT [dbo].[CATEGORIAS] ON 
GO
INSERT [dbo].[CATEGORIAS] ([Id], [Descripcion]) VALUES (1, N'Celulares')
GO
INSERT [dbo].[CATEGORIAS] ([Id], [Descripcion]) VALUES (2, N'Televisores')
GO
INSERT [dbo].[CATEGORIAS] ([Id], [Descripcion]) VALUES (3, N'Media')
GO
INSERT [dbo].[CATEGORIAS] ([Id], [Descripcion]) VALUES (4, N'Audio')
GO
SET IDENTITY_INSERT [dbo].[CATEGORIAS] OFF
GO
SET IDENTITY_INSERT [dbo].[MARCAS] ON 
GO
INSERT [dbo].[MARCAS] ([Id], [Descripcion]) VALUES (1, N'Samsung')
GO
INSERT [dbo].[MARCAS] ([Id], [Descripcion]) VALUES (2, N'Apple')
GO
INSERT [dbo].[MARCAS] ([Id], [Descripcion]) VALUES (3, N'Sony')
GO
INSERT [dbo].[MARCAS] ([Id], [Descripcion]) VALUES (4, N'Huawei')
GO
INSERT [dbo].[MARCAS] ([Id], [Descripcion]) VALUES (5, N'Motorola')
GO
INSERT [dbo].[MARCAS] ([Id], [Descripcion]) VALUES (12, N'Xiaomi')
GO
INSERT [dbo].[MARCAS] ([Id], [Descripcion]) VALUES (13, N'Bgh')
GO
SET IDENTITY_INSERT [dbo].[MARCAS] OFF
GO
USE [master]
GO
ALTER DATABASE [CATALOGO_DB] SET  READ_WRITE 
GO
